,MAE,MSE,RMSE,R2,set,modelo
0,28986869088.74124,1.2993780599179436e+21,36046886965.69988,0.4803429761332716,test,Regresión Lineal
1,18712732085.26576,5.210687644813577e+20,22826930684.63997,0.8709826657364111,train,Regresión Lineal
0,32561010335.895306,1.6017426493907497e+21,40021777189.30969,0.504977762289077,test,Arbol de decisión Eli 1
1,0.0,0.0,0.0,1.0,train,Arbol de decisión Eli 1
0,35250711221.522354,1.7890862939802598e+21,42297592058.889824,0.4470787794525432,test,Arbol de decisión Eli 2
1,21698001125.156742,7.516880784123401e+20,27416930506.756954,0.7988947218046952,train,Arbol de decisión Eli 2
0,29865272238.435547,1.3411310968770797e+21,36621456782.56232,0.585520360032669,test,Random Forest Eli
1,19464916020.633816,7.14321564937003e+20,26726794887.097908,0.8088916916961402,train,Random Forest Eli
