,MAE,MSE,RMSE,R2,set,modelo
0,31247556198.4875,1.432326026039776e+21,37846083364.5937,0.4271734279200526,test,Regresión Lineal
1,17128282996.794935,4.593111301784816e+20,21431545212.10456,0.8862739399238273,train,Regresión Lineal
0,33500272148.10208,1.7340772986717985e+21,41642253765.518005,0.4640794355580554,test,Arbol de decisión Lidya 1
1,0.0,0.0,0.0,1.0,train,Arbol de decisión Lidya 1
0,31984278135.57432,1.835427475466219e+21,42841889261.168434,0.4327569310794147,test,Arbol de decisión Lidya 2
1,21416880275.70204,8.45900453637968e+20,29084367856.942806,0.7736893121762654,train,Arbol de decisión Lidya 2
0,29994388372.05956,1.3906250961330742e+21,37291086014.39591,0.5702241261000305,test,Random Forest Lidya
1,18421087985.529102,6.644462817635176e+20,25776855544.52904,0.8222352353623619,train,Random Forest Lidya
