,MAE,MSE,RMSE,R2,set,modelo
0,31879465728.607677,1.5165564584136894e+21,38942989849.441315,0.3934873613651042,test,Regresión Lineal
1,16645768853.644451,4.360158002670996e+20,20880991362.17195,0.8920418952702754,train,Regresión Lineal
