,accuracy,precision,recall,f1,kapppa,set,modelo
0,0.8446766702393712,0.848542287210037,0.8393000624944201,0.8438958707360861,0.6893547902341841,test,Regresión logistica
1,0.8427898356555913,0.8485240690281562,0.8345206458384511,0.8414641011495289,0.6855790881231538,train,Regresión logistica
0,0.9338603072525902,0.9455445544554455,0.9208106419069726,0.9330137048260889,0.8677221340863114,test,Decision Tree gs
1,0.9507301714898178,0.9623402208274155,0.938162978181737,0.9500978141643956,0.9014600653825161,train,Decision Tree gs
