,accuracy,precision,recall,f1,kapppa,set,modelo
0,0.8446766702393712,0.848542287210037,0.8393000624944201,0.8438958707360861,0.6893547902341841,test,Regresión logistica
1,0.8427898356555913,0.8485240690281562,0.8345206458384511,0.8414641011495289,0.6855790881231538,train,Regresión logistica
