,MAE,MSE,RMSE,R2,set,modelo
0,29455113275.177654,1.502528161569823e+21,38762458146.63749,0.3990976631030472,test,LinearRegression
1,12141344609.891342,2.415994254203983e+20,15543468899.20002,0.9401796539111688,train,LinearRegression
