,accuracy,precision,recall,f1,kapppa,set,modelo
0,0.8408368050889218,0.8442370424066691,0.8355304456999372,0.8398611799702529,0.6816702430071299,test,Regresión logistica
1,0.8437097514811455,0.8502806809365159,0.8344194379128876,0.8422753936051177,0.6874208573695555,train,Regresión logistica
0,0.9347309949379564,0.9442844284428444,0.92603054108924,0.9350684076830518,0.869471028115105,test,Decision Tree gs
1,0.9497810480574316,0.9580574962776316,0.9403511927513096,0.9491217718876231,0.8995537433849355,train,Decision Tree gs
0,0.9583389329391211,0.9696504380814741,0.9475681878365257,0.958482142857143,0.9166880032601186,test,Random Forest
1,0.9697835119667596,0.9791719233857094,0.9597544798435146,0.9693659732945772,0.9395616933639559,train,Random Forest
